{
  "label": "HEAD (656aded)",
  "binary": "/Users/mit/Documents/GitHub/btop/build-perf/btop",
  "wall_us": {
    "mean": 1648.0703703703703,
    "median": 1601.45,
    "stdev": 163.85531385092682,
    "min": 1452.9,
    "max": 2650.2,
    "n": 270
  },
  "collect_us": {
    "mean": 1494.8325925925926,
    "median": 1451.3000000000002,
    "stdev": 157.53569670632717,
    "min": 1308.2,
    "max": 2483.6,
    "n": 270
  },
  "draw_us": {
    "mean": 153.1988888888889,
    "median": 149.2,
    "stdev": 11.616186896626113,
    "min": 139.2,
    "max": 209.1,
    "n": 270
  },
  "peak_rss_mb": {
    "mean": 13.377604166666666,
    "median": 13.2421875,
    "stdev": 0.25105571364572976,
    "min": 13.1875,
    "max": 13.765625,
    "n": 6
  },
  "time_rss_mb": 13.21875
}