{
  "label": "v1.4.6",
  "binary": "/tmp/btop-old/build-bench/btop",
  "wall_us": {
    "mean": 1723.5125925925927,
    "median": 1697.6,
    "stdev": 127.09631621523874,
    "min": 1549.0,
    "max": 2477.7,
    "n": 270
  },
  "collect_us": {
    "mean": 1595.0107407407406,
    "median": 1572.3000000000002,
    "stdev": 122.79509451670893,
    "min": 1431.5,
    "max": 2321.8,
    "n": 270
  },
  "draw_us": {
    "mean": 128.46925925925925,
    "median": 126.1,
    "stdev": 9.864421980562353,
    "min": 114.5,
    "max": 176.9,
    "n": 270
  },
  "peak_rss_mb": {
    "mean": 11.765625,
    "median": 11.6953125,
    "stdev": 0.24862905351145106,
    "min": 11.59375,
    "max": 12.265625,
    "n": 6
  },
  "time_rss_mb": 11.640625
}